{
  "Delete_user" : {
    "transaction" : "Delete_user",
    "sampleCount" : 935,
    "errorCount" : 0,
    "errorPct" : 0.0,
    "meanResTime" : 89.12085561497337,
    "medianResTime" : 87.0,
    "minResTime" : 81.0,
    "maxResTime" : 254.0,
    "pct1ResTime" : 93.0,
    "pct2ResTime" : 98.0,
    "pct3ResTime" : 192.35999999999865,
    "throughput" : 11.154323344149647,
    "receivedKBytesPerSec" : 5.399403623962111,
    "sentKBytesPerSec" : 6.557522122244226
  },
  "Create" : {
    "transaction" : "Create",
    "sampleCount" : 914,
    "errorCount" : 0,
    "errorPct" : 0.0,
    "meanResTime" : 397.0393873085339,
    "medianResTime" : 399.0,
    "minResTime" : 84.0,
    "maxResTime" : 957.0,
    "pct1ResTime" : 426.0,
    "pct2ResTime" : 437.0,
    "pct3ResTime" : 542.7500000000003,
    "throughput" : 1.0062732439210749,
    "receivedKBytesPerSec" : 0.4923270460981039,
    "sentKBytesPerSec" : 0.8962121078672072
  },
  "Total" : {
    "transaction" : "Total",
    "sampleCount" : 10227,
    "errorCount" : 1,
    "errorPct" : 0.009778039,
    "meanResTime" : 440.44411850982567,
    "medianResTime" : 396.0,
    "minResTime" : 77.0,
    "maxResTime" : 75002.0,
    "pct1ResTime" : 747.0,
    "pct2ResTime" : 927.0,
    "pct3ResTime" : 1089.7199999999993,
    "throughput" : 9.840229768932124,
    "receivedKBytesPerSec" : 139.9863144721713,
    "sentKBytesPerSec" : 5.963170324760296
  },
  "Login" : {
    "transaction" : "Login",
    "sampleCount" : 151,
    "errorCount" : 0,
    "errorPct" : 0.0,
    "meanResTime" : 398.2582781456954,
    "medianResTime" : 399.0,
    "minResTime" : 364.0,
    "maxResTime" : 489.0,
    "pct1ResTime" : 423.6,
    "pct2ResTime" : 432.0,
    "pct3ResTime" : 471.8399999999997,
    "throughput" : 0.15818193436602043,
    "receivedKBytesPerSec" : 0.16775935617333806,
    "sentKBytesPerSec" : 0.05198528803254148
  },
  "Get_all" : {
    "transaction" : "Get_all",
    "sampleCount" : 1828,
    "errorCount" : 0,
    "errorPct" : 0.0,
    "meanResTime" : 772.99124726477,
    "medianResTime" : 783.0,
    "minResTime" : 80.0,
    "maxResTime" : 1990.0,
    "pct1ResTime" : 1054.0,
    "pct2ResTime" : 1091.0,
    "pct3ResTime" : 1197.71,
    "throughput" : 1.9152873035730378,
    "receivedKBytesPerSec" : 148.57932587721572,
    "sentKBytesPerSec" : 1.0324595620823405
  },
  "Get_one" : {
    "transaction" : "Get_one",
    "sampleCount" : 6399,
    "errorCount" : 1,
    "errorPct" : 0.015627442,
    "meanResTime" : 403.9748398187215,
    "medianResTime" : 394.0,
    "minResTime" : 77.0,
    "maxResTime" : 75002.0,
    "pct1ResTime" : 423.0,
    "pct2ResTime" : 433.0,
    "pct3ResTime" : 509.0,
    "throughput" : 6.709987804788534,
    "receivedKBytesPerSec" : 2.747939821599156,
    "sentKBytesPerSec" : 3.9834326531767843
  }
}